1001,1101,土屋,http://mai.co.jp/
1002,1102,本多,http://mai.co.jp/
1003,1103,小林,http://mai.co.jp/
1004,1104,福田,http://mai.co.jp/
1005,1105,斎藤,http://mai.co.jp/
1006,1106,清水,http://mai.co.jp/
1007,1107,中村,http://mai.co.jp/
1008,1108,坂下,http://mai.co.jp/
1009,1109,千坂,http://mai.co.jp/
1010,1110,中野,http://mai.co.jp/
1011,1111,菅原,http://mai.co.jp/
1012,1112,内海,http://mai.co.jp/
1013,1113,谷,http://mai.co.jp/
1014,1114,飯塚,http://mai.co.jp/
1015,1115,三浦,http://mai.co.jp/
1016,1116,田中,http://mai.co.jp/
1017,1117,篠塚,http://mai.co.jp/
1018,1118,西澤,http://mai.co.jp/
1019,1119,草野,http://mai.co.jp/
1020,1120,鳥居,http://mai.co.jp/
1021,1121,矢澤,http://mai.co.jp/
1022,1122,門倉,http://mai.co.jp/
1023,1123,竹村,http://mai.co.jp/
1024,1124,安藤,http://mai.co.jp/
1025,1125,阿部,http://mai.co.jp/
1026,1126,大野,http://mai.co.jp/
1027,1127,入江,http://mai.co.jp/
1028,1128,森,http://mai.co.jp/
1029,1129,森岡,http://mai.co.jp/
1030,1130,末光,http://mai.co.jp/
1031,1131,杉野,http://mai.co.jp/
1032,1132,杉田,http://mai.co.jp/
1033,1133,松井,http://mai.co.jp/
1034,1134,丸山,http://mai.co.jp/
1035,1135,志賀,http://mai.co.jp/
1036,1136,森,http://mai.co.jp/
1037,1137,藤田,http://mai.co.jp/
1038,1138,大塚,http://mai.co.jp/
1039,1139,曽根,http://mai.co.jp/
1040,1140,早川,http://mai.co.jp/
1041,1141,山岸,http://mai.co.jp/
1042,1142,西島,http://mai.co.jp/
1043,1143,松元,http://mai.co.jp/
1044,1144,進藤,http://mai.co.jp/
1045,1145,橋本,http://mai.co.jp/
1046,1146,杉本,http://mai.co.jp/
1047,1147,斉藤,http://mai.co.jp/
1048,1148,竹島,http://mai.co.jp/
1049,1149,鈴木,http://mai.co.jp/
1050,1150,田中,http://mai.co.jp/
1051,1151,小澤,http://mai.co.jp/
1052,1152,麻植,http://mai.co.jp/
1053,1153,硲,http://mai.co.jp/
1054,1154,木村,http://mai.co.jp/
1055,1155,早川,http://mai.co.jp/
1056,1156,渡辺,http://mai.co.jp/
1057,1157,田野倉,http://mai.co.jp/
1058,1158,豊田,http://mai.co.jp/
1059,1159,前田,http://mai.co.jp/
1060,1160,高木,http://mai.co.jp/
1061,1161,吉村,http://mai.co.jp/
1062,1162,桑原,http://mai.co.jp/
1063,1163,高田,http://mai.co.jp/
1064,1164,池田,http://mai.co.jp/
1065,1165,田口,http://mai.co.jp/
1066,1166,田島,http://mai.co.jp/
1067,1167,中川,http://mai.co.jp/
1068,1168,中村,http://mai.co.jp/
1069,1169,千葉,http://mai.co.jp/
1070,1170,林田,http://mai.co.jp/
1071,1171,川原,http://mai.co.jp/
1072,1172,菅原,http://mai.co.jp/
1073,1173,木暮,http://mai.co.jp/
1074,1174,山本,http://mai.co.jp/
1075,1175,能登,http://mai.co.jp/
1076,1176,鈴木,http://mai.co.jp/
1077,1177,山田,http://mai.co.jp/
1078,1178,久保,http://mai.co.jp/
1079,1179,宮本,http://mai.co.jp/
1080,1180,榊,http://mai.co.jp/
1081,1181,林,http://mai.co.jp/
1082,1182,藤田,http://mai.co.jp/
1083,1183,坂本,http://mai.co.jp/
1084,1184,五味,http://mai.co.jp/
1085,1185,鈴木,http://mai.co.jp/
1086,1186,久保田,http://mai.co.jp/
1087,1187,下瀬,http://mai.co.jp/
1088,1188,新倉,http://mai.co.jp/
1089,1189,末次,http://mai.co.jp/
1090,1190,後藤,http://mai.co.jp/
1091,1191,木下,http://mai.co.jp/
1092,1192,奥山,http://mai.co.jp/
1093,1193,鈴木,http://mai.co.jp/
1094,1194,久保,http://mai.co.jp/
1095,1195,齋藤,http://mai.co.jp/
1096,1196,竹中,http://mai.co.jp/
1097,1197,竹内,http://mai.co.jp/
1098,1198,清水,http://mai.co.jp/
1099,1199,中川,http://mai.co.jp/
1100,1200,田口,http://mai.co.jp/
1101,1201,齋藤,http://mai.co.jp/
1102,1202,重見,http://mai.co.jp/
1103,1203,稲葉,http://mai.co.jp/
1104,1204,川島,http://mai.co.jp/
1105,1205,滝本,http://mai.co.jp/
1106,1206,二宮,http://mai.co.jp/
1107,1207,長澤,http://mai.co.jp/
1108,1208,上山,http://mai.co.jp/
1109,1209,藤田,http://mai.co.jp/
1110,1210,大友,http://mai.co.jp/
1111,1211,山崎,http://mai.co.jp/
1112,1212,諏訪,http://mai.co.jp/
1113,1213,中村,http://mai.co.jp/
1114,1214,内田,http://mai.co.jp/
1115,1215,平山,http://mai.co.jp/
1116,1216,加藤,http://mai.co.jp/
1117,1217,鎌倉,http://mai.co.jp/
1118,1218,青木,http://mai.co.jp/
1119,1219,西塚,http://mai.co.jp/
1120,1220,真鍋,http://mai.co.jp/
1121,1221,増田,http://mai.co.jp/
1122,1222,宮澤,http://mai.co.jp/
1123,1223,村田,http://mai.co.jp/
1124,1224,寺門,http://mai.co.jp/
1125,1225,滝沢,http://mai.co.jp/
1126,1226,木庭,http://mai.co.jp/
1127,1227,本多,http://mai.co.jp/
1128,1228,伊藤,http://mai.co.jp/
1129,1229,柴田,http://mai.co.jp/
1130,1230,瀬戸口,http://mai.co.jp/
1131,1231,眞田,http://mai.co.jp/
1132,1232,吉田,http://mai.co.jp/
1133,1233,井上,http://mai.co.jp/
1134,1234,田鍋,http://mai.co.jp/
1135,1235,川口,http://mai.co.jp/
1136,1236,高橋,http://mai.co.jp/
1137,1237,田中,http://mai.co.jp/
1138,1238,片山,http://mai.co.jp/
1139,1239,小椋,http://mai.co.jp/
1140,1240,山口,http://mai.co.jp/
1141,1241,林,http://mai.co.jp/
1142,1242,大山,http://mai.co.jp/
1143,1243,水野,http://mai.co.jp/
1144,1244,今井,http://mai.co.jp/
1145,1245,錦織,http://mai.co.jp/
1146,1246,佐々木,http://mai.co.jp/
1147,1247,畠山,http://mai.co.jp/
1148,1248,石川,http://mai.co.jp/
1149,1249,中村,http://mai.co.jp/
1150,1250,松永,http://mai.co.jp/
1151,1251,広瀬,http://mai.co.jp/
1152,1252,戸川,http://mai.co.jp/
1153,1253,佐藤,http://mai.co.jp/
1154,1254,清水,http://mai.co.jp/
1155,1255,南,http://mai.co.jp/
1156,1256,北川,http://mai.co.jp/
1157,1257,石村,http://mai.co.jp/
1158,1258,吉田,http://mai.co.jp/
1159,1259,有馬,http://mai.co.jp/
1160,1260,田島,http://mai.co.jp/
1161,1261,上田,http://mai.co.jp/
1162,1262,深井,http://mai.co.jp/
1163,1263,牧野,http://mai.co.jp/
1164,1264,小島,http://mai.co.jp/
1165,1265,久保田,http://mai.co.jp/
1166,1266,原山,http://mai.co.jp/
1167,1267,塚本,http://mai.co.jp/
1168,1268,横田,http://mai.co.jp/
1169,1269,高嶋,http://mai.co.jp/
1170,1270,宮野,http://mai.co.jp/
1171,1271,山岡,http://mai.co.jp/
1172,1272,森,http://mai.co.jp/
1173,1273,土井,http://mai.co.jp/
1174,1274,平賀,http://mai.co.jp/
1175,1275,岩,http://mai.co.jp/
1176,1276,岡本,http://mai.co.jp/
1177,1277,鈴木,http://mai.co.jp/
1178,1278,岩永,http://mai.co.jp/
1179,1279,松井,http://mai.co.jp/
1180,1280,亀田,http://mai.co.jp/
1181,1281,鈴木,http://mai.co.jp/
1182,1282,谷口,http://mai.co.jp/
1183,1283,細川,http://earthsoft.jp/
1184,1284,冨田,http://earthsoft.jp/
1185,1285,安田,http://earthsoft.jp/
1186,1286,藤原,http://earthsoft.jp/
1187,1287,永井,http://earthsoft.jp/
1188,1288,臼井,http://earthsoft.jp/
1189,1289,上野,http://earthsoft.jp/
1190,1290,高木,http://earthsoft.jp/
1191,1291,松戸,http://earthsoft.jp/
1192,1292,中垣,http://earthsoft.jp/
1193,1293,岩崎,http://earthsoft.jp/
1194,1294,金子,http://earthsoft.jp/
1195,1295,三島,http://earthsoft.jp/
1196,1296,小川,http://earthsoft.jp/
1197,1297,佐藤,http://earthsoft.jp/
1198,1298,布留川,http://earthsoft.jp/
1199,1299,森岡,http://earthsoft.jp/
1200,1300,中野,http://earthsoft.jp/
1201,1301,藤井,http://earthsoft.jp/
1202,1302,岡村,http://earthsoft.jp/
1203,1303,阪口,http://earthsoft.jp/
1204,1304,峰松,http://earthsoft.jp/
1205,1305,鈴木,http://earthsoft.jp/
1206,1306,竹内,http://earthsoft.jp/
1207,1307,齋藤,http://earthsoft.jp/
1208,1308,池元,http://earthsoft.jp/
1209,1309,桜井,http://earthsoft.jp/
1210,1310,岩野,http://earthsoft.jp/
1211,1311,渡邊,http://earthsoft.jp/
1212,1312,有馬,http://earthsoft.jp/
1213,1313,後藤,http://earthsoft.jp/
1214,1314,米倉,http://earthsoft.jp/
1215,1315,石井,http://earthsoft.jp/
1216,1316,山田,http://earthsoft.jp/
1217,1317,武藤,http://earthsoft.jp/
1218,1318,中村,http://earthsoft.jp/
1219,1319,小林,http://earthsoft.jp/
1220,1320,二宮,http://earthsoft.jp/
1221,1321,野田,http://earthsoft.jp/
1222,1322,西谷,http://earthsoft.jp/
1223,1323,中田,http://earthsoft.jp/
1224,1324,勝野,http://earthsoft.jp/
1225,1325,谷川,http://earthsoft.jp/
1226,1326,花井,http://earthsoft.jp/
1227,1327,田崎,http://earthsoft.jp/
1228,1328,迫,http://earthsoft.jp/
1229,1329,松田,http://earthsoft.jp/
1230,1330,廣瀬,http://earthsoft.jp/
1231,1331,松野,http://earthsoft.jp/
1232,1332,中村,http://earthsoft.jp/
1233,1333,細田,http://earthsoft.jp/
1234,1334,中島,http://earthsoft.jp/
1235,1335,梁瀬,http://earthsoft.jp/
1236,1336,山崎,http://earthsoft.jp/
1237,1337,松浦,http://earthsoft.jp/
1238,1338,鈴木,http://earthsoft.jp/
1239,1339,島田,http://earthsoft.jp/
1240,1340,溝井,http://earthsoft.jp/
1241,1341,江口,http://earthsoft.jp/
1242,1342,中野,http://earthsoft.jp/
1243,1343,鈴木,http://earthsoft.jp/
1244,1344,藤井,http://earthsoft.jp/
1245,1345,高橋,http://earthsoft.jp/
1246,1346,山本,http://earthsoft.jp/
1247,1347,石川,http://earthsoft.jp/
1248,1348,大野,http://earthsoft.jp/
1249,1349,安,http://earthsoft.jp/
1250,1350,齋藤,http://earthsoft.jp/
1251,1351,角田,http://earthsoft.jp/
1252,1352,片瀬,http://earthsoft.jp/
1253,1353,湯山,http://earthsoft.jp/
1254,1354,遠藤,http://earthsoft.jp/
1255,1355,井上,http://earthsoft.jp/
1256,1356,菅野,http://earthsoft.jp/
1257,1357,杉浦,http://earthsoft.jp/
1258,1358,鏡味,http://earthsoft.jp/
1259,1359,田中,http://earthsoft.jp/
1260,1360,吉野,http://earthsoft.jp/
1261,1361,藤原,http://earthsoft.jp/
1262,1362,有田,http://earthsoft.jp/
1263,1363,古川,http://earthsoft.jp/
1264,1364,鶴岡,http://earthsoft.jp/
1265,1365,早間,http://earthsoft.jp/
1266,1366,堀田,http://earthsoft.jp/
1267,1367,佐藤,http://earthsoft.jp/
1268,1368,鈴木,http://earthsoft.jp/
1269,1369,岡本,http://earthsoft.jp/
1270,1370,西村,http://earthsoft.jp/
1271,1371,木戸,http://earthsoft.jp/
1272,1372,石澤,http://earthsoft.jp/
1273,1373,石原,http://earthsoft.jp/
1274,1374,尾関,http://earthsoft.jp/
1275,1375,箱田,http://earthsoft.jp/
1276,1376,飯高,http://earthsoft.jp/
1277,1377,水野,http://earthsoft.jp/
1278,1378,竹田,http://earthsoft.jp/
1279,1379,川田,http://earthsoft.jp/
1280,1380,相原,http://earthsoft.jp/
1281,1381,秋元,http://earthsoft.jp/
1282,1382,石田,http://earthsoft.jp/
1283,1383,赤川,http://earthsoft.jp/
1284,1384,山根,http://earthsoft.jp/
1285,1385,大川,http://earthsoft.jp/
1286,1386,今木,http://earthsoft.jp/
1287,1387,三輪,http://earthsoft.jp/
1288,1388,大平,http://earthsoft.jp/
1289,1389,太田,http://earthsoft.jp/
1290,1390,近藤,http://earthsoft.jp/
1291,1391,森,http://earthsoft.jp/
1292,1392,塩谷,http://earthsoft.jp/
1293,1393,西村,http://earthsoft.jp/
1294,1394,浜野,http://earthsoft.jp/
1295,1395,永友,http://earthsoft.jp/
1296,1396,木村,http://earthsoft.jp/
1297,1397,畠山,http://earthsoft.jp/
1298,1398,矢野,http://earthsoft.jp/
1299,1399,菅原,http://earthsoft.jp/
1300,1400,柳原,http://earthsoft.jp/
1301,1401,青木,http://earthsoft.jp/
1302,1402,岡山,http://earthsoft.jp/
1303,1403,菅原,http://earthsoft.jp/
1304,1404,若林,http://earthsoft.jp/
1305,1405,沼野,http://earthsoft.jp/
1306,1406,大塚,http://earthsoft.jp/
1307,1407,牧野,http://earthsoft.jp/
1308,1408,石上,http://earthsoft.jp/
1309,1409,中村,http://earthsoft.jp/
1310,1410,下田,http://earthsoft.jp/
1311,1411,松元,http://earthsoft.jp/
1312,1412,泉,http://earthsoft.jp/
1313,1413,大塚,http://earthsoft.jp/
1314,1414,今井,http://earthsoft.jp/
1315,1415,佐々木,http://earthsoft.jp/
1316,1416,鈴木,http://earthsoft.jp/
1317,1417,西田,http://earthsoft.jp/
1318,1418,寺本,http://earthsoft.jp/
1319,1419,中井,http://earthsoft.jp/
1320,1420,金田,http://earthsoft.jp/
1321,1421,竜崎,http://earthsoft.jp/
1322,1422,伊藤,http://earthsoft.jp/
1323,1423,高野,http://earthsoft.jp/
1324,1424,丹羽,http://earthsoft.jp/
1325,1425,山本,http://earthsoft.jp/
1326,1426,長谷川,http://earthsoft.jp/
1327,1427,木原,http://earthsoft.jp/
1328,1428,江尻,http://earthsoft.jp/
1329,1429,山本,http://earthsoft.jp/
1330,1430,笠原,http://earthsoft.jp/
1331,1431,小林,http://earthsoft.jp/
1332,1432,櫻井,http://earthsoft.jp/
1333,1433,豊田,http://earthsoft.jp/
1334,1434,三田,http://earthsoft.jp/
1335,1435,高橋,http://earthsoft.jp/
1336,1436,川勝,http://earthsoft.jp/
1337,1437,持田,http://earthsoft.jp/
1338,1438,佐藤,http://earthsoft.jp/
1339,1439,城戸,http://earthsoft.jp/
1340,1440,藤井,http://earthsoft.jp/
1341,1441,渋谷,http://earthsoft.jp/
1342,1442,二瓶,http://earthsoft.jp/
1343,1443,山田,http://earthsoft.jp/
1344,1444,小倉,http://earthsoft.jp/
1345,1445,鈴木,http://earthsoft.jp/
1346,1446,片岡,http://earthsoft.jp/
1347,1447,後藤,http://earthsoft.jp/
1348,1448,新田,http://earthsoft.jp/
1349,1449,小林,http://earthsoft.jp/
1350,1450,森田,http://earthsoft.jp/
1351,1451,平田,http://earthsoft.jp/
1352,1452,橋本,http://earthsoft.jp/
1353,1453,白取,http://earthsoft.jp/
1354,1454,佐竹,http://earthsoft.jp/
1355,1455,笠原,http://earthsoft.jp/
1356,1456,林,http://earthsoft.jp/
1357,1457,山川,http://earthsoft.jp/
1358,1458,坂口,http://earthsoft.jp/
1359,1459,藤井,http://earthsoft.jp/
1360,1460,石橋,http://earthsoft.jp/
1361,1461,磯野,http://earthsoft.jp/
1362,1462,黒岩,http://earthsoft.jp/
1363,1463,寺村,http://earthsoft.jp/
1364,1464,山本,http://earthsoft.jp/
1365,1465,中村,http://earthsoft.jp/
1366,1466,尾崎,http://earthsoft.jp/
1367,1467,半田,http://earthsoft.jp/
1368,1468,久保田,http://earthsoft.jp/
1369,1469,中山,http://earthsoft.jp/
1370,1470,石岡,http://earthsoft.jp/
1371,1471,小番,http://earthsoft.jp/
1372,1472,高瀬,http://earthsoft.jp/
1373,1473,高久,http://earthsoft.jp/
1374,1474,塚本,http://earthsoft.jp/
1375,1475,前田,http://earthsoft.jp/
1376,1476,樋口,http://earthsoft.jp/
1377,1477,佐藤,http://earthsoft.jp/
1378,1478,岸田,http://earthsoft.jp/
1379,1479,佐々木,http://earthsoft.jp/
1380,1480,青木,http://earthsoft.jp/
1381,1481,秋吉,http://earthsoft.jp/
1382,1482,下田,http://earthsoft.jp/
1383,1483,安藤,http://earthsoft.jp/
1384,1484,小西,http://earthsoft.jp/
1385,1485,三谷,http://earthsoft.jp/
1386,1486,馬場,http://earthsoft.jp/
1387,1487,小松,http://earthsoft.jp/
1388,1488,橋本,http://earthsoft.jp/
1389,1489,大川,http://earthsoft.jp/
1390,1490,岡部,http://earthsoft.jp/
1391,1491,佐々木,http://earthsoft.jp/
1392,1492,河合,http://earthsoft.jp/
1393,1493,南雲,http://earthsoft.jp/
1394,1494,江口,http://earthsoft.jp/
1395,1495,阿部,http://earthsoft.jp/
1396,1496,横尾,http://earthsoft.jp/
1397,1497,永田,http://earthsoft.jp/
1398,1498,秋山,http://earthsoft.jp/
1399,1499,児玉,http://earthsoft.jp/
1400,1500,伊藤,http://earthsoft.jp/
1401,1501,黒田,http://earthsoft.jp/
1402,1502,田中,http://earthsoft.jp/
1403,1503,小森谷,http://earthsoft.jp/
1404,1504,高柳,http://earthsoft.jp/
1405,1505,伊原,http://earthsoft.jp/
1406,1506,中川,http://earthsoft.jp/
1407,1507,水野,http://earthsoft.jp/
1408,1508,垣田,http://earthsoft.jp/
1409,1509,有本,http://earthsoft.jp/
1410,1510,丹羽,http://earthsoft.jp/
1411,1511,杉崎,http://earthsoft.jp/
1412,1512,池添,http://earthsoft.jp/
1413,1513,山本,http://earthsoft.jp/
1414,1514,玉井,http://earthsoft.jp/
1415,1515,古賀,http://earthsoft.jp/
1416,1516,和田,http://abehiroshi.la.coocan.jp/
1417,1517,長谷川,http://abehiroshi.la.coocan.jp/
1418,1518,上條,http://abehiroshi.la.coocan.jp/
1419,1519,赤井,http://abehiroshi.la.coocan.jp/
1420,1520,山田,http://abehiroshi.la.coocan.jp/
1421,1521,阿部,http://abehiroshi.la.coocan.jp/
1422,1522,島田,http://abehiroshi.la.coocan.jp/
1423,1523,藤村,http://abehiroshi.la.coocan.jp/
1424,1524,田中,http://abehiroshi.la.coocan.jp/
1425,1525,星,http://abehiroshi.la.coocan.jp/
1426,1526,大村,http://abehiroshi.la.coocan.jp/
1427,1527,清水,http://abehiroshi.la.coocan.jp/
1428,1528,小倉,http://abehiroshi.la.coocan.jp/
1429,1529,松本,http://abehiroshi.la.coocan.jp/
1430,1530,磯崎,http://abehiroshi.la.coocan.jp/
1431,1531,阿部,http://abehiroshi.la.coocan.jp/
1432,1532,橋口,http://abehiroshi.la.coocan.jp/
1433,1533,長澤,http://abehiroshi.la.coocan.jp/
1434,1534,加藤,http://abehiroshi.la.coocan.jp/
1435,1535,中林,http://abehiroshi.la.coocan.jp/
1436,1536,坂口,http://abehiroshi.la.coocan.jp/
1437,1537,高野,http://abehiroshi.la.coocan.jp/
1438,1538,高安,http://abehiroshi.la.coocan.jp/
1439,1539,井上,http://abehiroshi.la.coocan.jp/
1440,1540,白石,http://abehiroshi.la.coocan.jp/
1441,1541,木下,http://abehiroshi.la.coocan.jp/
1442,1542,岸本,http://abehiroshi.la.coocan.jp/
1443,1543,牧,http://abehiroshi.la.coocan.jp/
1444,1544,津留,http://abehiroshi.la.coocan.jp/
1445,1545,宮嶋,http://abehiroshi.la.coocan.jp/
1446,1546,田中,http://abehiroshi.la.coocan.jp/
1447,1547,小峰,http://abehiroshi.la.coocan.jp/
1448,1548,富永,http://abehiroshi.la.coocan.jp/
1449,1549,冨本,http://abehiroshi.la.coocan.jp/
1450,1550,西,http://abehiroshi.la.coocan.jp/
1451,1551,小山,http://abehiroshi.la.coocan.jp/
1452,1552,村上,http://abehiroshi.la.coocan.jp/
1453,1553,柏木,http://abehiroshi.la.coocan.jp/
1454,1554,亀谷,http://abehiroshi.la.coocan.jp/
1455,1555,田中,http://abehiroshi.la.coocan.jp/
1456,1556,佐竹,http://abehiroshi.la.coocan.jp/
1457,1557,徳野,http://abehiroshi.la.coocan.jp/
1458,1558,其田,http://abehiroshi.la.coocan.jp/
1459,1559,古澤,http://abehiroshi.la.coocan.jp/
1460,1560,木屋,http://abehiroshi.la.coocan.jp/
1461,1561,沖田,http://abehiroshi.la.coocan.jp/
1462,1562,宮川,http://abehiroshi.la.coocan.jp/
1463,1563,牧田,http://abehiroshi.la.coocan.jp/
1464,1564,舞田,http://abehiroshi.la.coocan.jp/
1465,1565,山崎,http://abehiroshi.la.coocan.jp/
1466,1566,秦,http://abehiroshi.la.coocan.jp/
1467,1567,伊藤,http://abehiroshi.la.coocan.jp/
1468,1568,阿部,http://abehiroshi.la.coocan.jp/
1469,1569,上山,http://abehiroshi.la.coocan.jp/
1470,1570,松本,http://abehiroshi.la.coocan.jp/
1471,1571,杉江,http://abehiroshi.la.coocan.jp/
1472,1572,西原,http://abehiroshi.la.coocan.jp/
1473,1573,松山,http://abehiroshi.la.coocan.jp/
1474,1574,中田,http://abehiroshi.la.coocan.jp/
1475,1575,水野,http://abehiroshi.la.coocan.jp/
1476,1576,清水,http://abehiroshi.la.coocan.jp/
1477,1577,佐竹,http://abehiroshi.la.coocan.jp/
1478,1578,伊藤,http://abehiroshi.la.coocan.jp/
1479,1579,坂本,http://abehiroshi.la.coocan.jp/
1480,1580,石井,http://abehiroshi.la.coocan.jp/
1481,1581,原田,http://abehiroshi.la.coocan.jp/
1482,1582,古河,http://abehiroshi.la.coocan.jp/
1483,1583,山下,http://abehiroshi.la.coocan.jp/
1484,1584,伊藤,http://abehiroshi.la.coocan.jp/
1485,1585,石川,http://abehiroshi.la.coocan.jp/
1486,1586,坂井,http://abehiroshi.la.coocan.jp/
1487,1587,宮崎,http://abehiroshi.la.coocan.jp/
1488,1588,石光,http://abehiroshi.la.coocan.jp/
1489,1589,植村,http://abehiroshi.la.coocan.jp/
1490,1590,松尾,http://abehiroshi.la.coocan.jp/
1491,1591,阿比留,http://abehiroshi.la.coocan.jp/
1492,1592,和田,http://abehiroshi.la.coocan.jp/
1493,1593,稲葉,http://abehiroshi.la.coocan.jp/
1494,1594,田浦,http://abehiroshi.la.coocan.jp/
1495,1595,橋本,http://abehiroshi.la.coocan.jp/
1496,1596,大石,http://abehiroshi.la.coocan.jp/
1497,1597,小柴,http://abehiroshi.la.coocan.jp/
1498,1598,佐々木,http://abehiroshi.la.coocan.jp/
1499,1599,神吉,http://abehiroshi.la.coocan.jp/
1500,1600,森,http://abehiroshi.la.coocan.jp/
