1101,藤田 徹,fujita725@example.org,xpv6lSAsA7,1962年7月25日,https://placehold.jp/150x150.png
1102,小澤 広行,ozawa713@example.org,p377TWPtpB,1970年7月13日,https://placehold.jp/120x120.png
1103,小田島 浩,odajima_hiroshi@example.jp,DlMN6BvWsH,1931年3月5日,https://placehold.jp/120x121.png
1104,菅原 奈美,sugawara_nami@example.com,UkIsrMo0Af,2009年9月5日,https://placehold.jp/120x122.png
1105,米澤 扶美子,yonezawafumiko@example.net,To4TbyolCU,1970年3月13日,https://placehold.jp/120x123.png
1106,豊福 はじめ,toyofuku_830@example.org,zzTeG9Hdw2,1924年8月30日,https://placehold.jp/120x124.png
1107,飯沼 良典,iinuma_yoshinori@example.com,ZGpJ608Q9o,1960年11月1日,https://placehold.jp/120x125.png
1108,青山 純平,aoyama_827@example.jp,gl6Zyn09JN,2014年8月27日,https://placehold.jp/120x126.png
1109,上出 哲朗,kamidetetsurou@example.com,ZbChentO0f,1957年6月22日,https://placehold.jp/120x127.png
1110,野村 洋平,youheinomura@example.com,BXMxX6EJHN,1958年4月16日,https://placehold.jp/120x128.png
1111,熊倉 健志,kenji_kumakura@example.jp,5et7IsGrWP,2013年1月7日,https://placehold.jp/120x129.png
1112,谷井 康一郎,koichirou_tanii@example.ne.jp,c0D8DXKrgv,2014年3月10日,https://placehold.jp/120x130.png
1113,小林 直樹,naoki_kobayashi@example.jp,8nhPHyY2fD,1953年1月7日,https://placehold.jp/120x131.png
1114,小池 裕二,yuujikoike@example.net,lxJzXoqM40,1934年3月21日,https://placehold.jp/120x132.png
1115,藤田 真紀,fujitamaki@example.co.jp,2PwjBq0MFU,2016年6月4日,https://placehold.jp/120x133.png
1116,谷澤 智久,tomohisa_tanizawa@example.com,P5ogAgnoxp,2001年12月13日,https://placehold.jp/120x134.png
1117,吉田 恵子,yoshidakeiko@example.jp,GEMRHutTQ5,1957年3月18日,https://placehold.jp/120x135.png
1118,片岡 一樹,kataoka_kazuki@example.net,5cIugQPq2I,1937年9月7日,https://placehold.jp/120x136.png
1119,遠藤 健次,endoukenji@example.com,IKpicgAmk6,1976年10月8日,https://placehold.jp/120x137.png
1120,中野 正博,masahiro_nakano@example.ne.jp,KHBpuJb5ke,2007年7月26日,https://placehold.jp/120x138.png
1121,工藤 修,osamu_kudou@example.org,zsdi1ZvecT,2000年11月27日,https://placehold.jp/120x139.png
1122,關 拓実,takumi_seki@example.net,Fks87At38h,1967年12月31日,https://placehold.jp/120x140.png
1123,酒井 祐輔,sakai_yuusuke@example.org,zgdlaF2IYi,2015年7月3日,https://placehold.jp/120x141.png
1124,藤田 岳人,fujitataketo@example.net,abCWY4s8ys,1950年1月8日,https://placehold.jp/120x142.png
1125,風間 隆司,kazama_44@example.net,66XW1phpfC,2004年4月4日,https://placehold.jp/120x143.png
1126,森 博紀,hiroki_mori@example.jp,4GB4Au8CYA,2010年6月29日,https://placehold.jp/120x144.png
1127,濱田 慧,hamada_926@example.org,y0AK9bWL1Y,1972年9月26日,https://placehold.jp/120x145.png
1128,大石 智子,oishitomoko@example.co.jp,TdhmDnz1s2,2005年3月27日,https://placehold.jp/120x146.png
1129,野田 史生,noda1030@example.org,xNo7XElBNh,1951年10月30日,https://placehold.jp/120x147.png
1130,保田 侑,yasudayuu@example.ne.jp,kwtBL0MXXB,1955年6月13日,https://placehold.jp/120x148.png
1131,伏見 勝善,fushimi_1013@example.jp,sjg0UfNpS5,1939年10月13日,https://placehold.jp/120x149.png
1132,望月 伸之,mochizuki731@example.org,QMkmw4DhnW,1934年7月31日,https://placehold.jp/120x150.png
1133,野村 哲也,nomura223@example.org,rrmJ8dbrjl,1997年2月23日,https://placehold.jp/120x151.png
1134,金井 圭一,kanai531@example.org,BgVdL0dQBI,1976年5月31日,https://placehold.jp/120x152.png
1135,中村 まこと,nakamura_makoto@example.ne.jp,3IUBfygB1J,1977年7月23日,https://placehold.jp/120x153.png
1136,北 浩幸,kitahiroyuki@example.org,2eK5bW5XbN,1971年1月5日,https://placehold.jp/120x154.png
1137,金子 貴博,kaneko628@example.com,hD7KCwWfcV,1972年6月28日,https://placehold.jp/120x155.png
1138,関根 千聖,sekinechise@example.com,vAFFdz6b47,2008年11月14日,https://placehold.jp/120x156.png
1139,木下 光紀,kinoshitamitsunori@example.co.jp,sRNo4XvEkW,2022年2月11日,https://placehold.jp/120x157.png
1140,刈谷 美穂,mihokariya@example.co.jp,xn7X7uk5vQ,1990年12月22日,https://placehold.jp/120x158.png
1141,牧野 務,makino_tsutomu@example.org,JEWZMJuHZ2,2009年6月3日,https://placehold.jp/120x159.png
1142,森山 治,moriyama25@example.jp,dYuab727pv,2019年2月5日,https://placehold.jp/120x160.png
1143,宮本 愛美,miyamoto624@example.ne.jp,Mk7cuYfecL,1998年6月24日,https://placehold.jp/120x161.png
1144,植木 貢,ueki1125@example.org,bAgxyIoT4i,2011年11月25日,https://placehold.jp/120x162.png
1145,中島 博之,hiroyukinakajima@example.ne.jp,s5XHTCDm5m,1950年4月5日,https://placehold.jp/120x163.png
1146,近藤 里織,kondou_84@example.jp,0BOwpVZrEw,2010年8月4日,https://placehold.jp/120x164.png
1147,綿谷 真也,wataya_814@example.co.jp,PnOZk3TxCW,2022年8月14日,https://placehold.jp/120x165.png
1148,佐藤 栄一,satoeiichi@example.org,5kk51iwP9j,1967年1月5日,https://placehold.jp/120x166.png
1149,丸山 祐介,yuusukemaruyama@example.jp,GRXJIfsQFo1,2005年4月27日,https://placehold.jp/120x167.png
1150,久保井 泰志,kuboi_yasushi@example.jp,Im095ENLVt,1959年2月2日,https://placehold.jp/120x168.png
1151,秋山 敦司,akiyama_atsushi@example.org,ukXI5SDFZj,1990年9月9日,https://placehold.jp/120x169.png
1152,本多 ひろみ,honda430@example.jp,GS4Q5TM8S0,1999年4月30日,https://placehold.jp/120x170.png
1153,篠崎 佳司,shinozaki_keiji@example.co.jp,oMnZtLVm8m,1924年7月14日,https://placehold.jp/120x171.png
1154,石塚 克明,katsuaki_ishizuka@example.co.jp,jw1S8dBK0H,2000年1月25日,https://placehold.jp/120x172.png
1155,西島 和美,nishijima78@example.com,e450D0meTF,1924年7月8日,https://placehold.jp/120x173.png
1156,鈴木 裕介,suzuki_524@example.ne.jp,cVlnytkP89,1952年5月24日,https://placehold.jp/120x174.png
1157,関 正樹,seki_masaki@example.net,qlHfvC6CbC,2019年10月12日,https://placehold.jp/120x175.png
1158,海沼 知久,kainumatomohisa@example.co.jp,k6WJJ4xeog,1984年10月30日,https://placehold.jp/120x176.png
1159,冨田 由香,yuka_tomita@example.com,DMOCGz7pkR,1993年9月18日,https://placehold.jp/120x177.png
1160,村松 克子,muramatsukatsuko@example.ne.jp,wSUBjVoqD3,1957年9月19日,https://placehold.jp/120x178.png
1161,安田 拓史,yasuda_65@example.co.jp,vVpv7PreSs,2018年6月5日,https://placehold.jp/120x179.png
1162,辻 純,aya_tsuji@example.net,Vgljj4TJVt,2006年3月26日,https://placehold.jp/120x180.png
1163,武藤 麻衣子,muto111@example.co.jp,kJs50N6ENw,1984年11月1日,https://placehold.jp/120x181.png
1164,中村 実,nakamuraminoru@example.com,0NLZyz2z1x,1990年11月15日,https://placehold.jp/120x182.png
1165,大倉 志保,okura_96@example.co.jp,dBQivUoqe6,1958年9月6日,https://placehold.jp/120x183.png
1166,桑本 照代,teruyo_kuwamoto@example.org,qa0WVViDdZ,2006年4月11日,https://placehold.jp/120x184.png
1167,水野 さや香,mizunosayaka@example.ne.jp,3tr315K40Q,1978年11月19日,https://placehold.jp/120x185.png
1168,鈴木 久美,suzuki829@example.org,BM5i4lj7qt,1951年8月29日,https://placehold.jp/120x186.png
1169,重松 奈穂美,nahomi_shigematsu@example.co.jp,pu8qHYeacX,1972年8月30日,https://placehold.jp/120x187.png
1170,富田 大輔,tomita_1111@example.jp,sg7SFls1gF,1966年11月11日,https://placehold.jp/120x188.png
1171,奥 貴一,oku_kiichi@example.com,Yl7Z8DH2g5,1948年4月24日,https://placehold.jp/120x189.png
1172,山本 直人,yamamoto94@example.org,gmyfatB4Nv,1952年9月4日,https://placehold.jp/120x190.png
1173,小林 恵子,kobayashikeiko@example.co.jp,ji9Rk4LInp,1955年2月15日,https://placehold.jp/120x191.png
1174,柴田 太一,shibata925@example.org,wfMPvY540h,2001年9月25日,https://placehold.jp/120x192.png
1175,田村 理佐,tamura210@example.jp,3PtxRvnEF5,1991年2月10日,https://placehold.jp/120x193.png
1176,太田 康裕,ota113@example.jp,JSx0rRhUC8,2002年1月13日,https://placehold.jp/120x194.png
1177,小林 圭祐,kobayashikeisuke@example.ne.jp,uCGPqsZEp0,2017年8月27日,https://placehold.jp/120x195.png
1178,中野 則子,nakanonoriko@example.ne.jp,mREMhIpa2Y,1938年1月13日,https://placehold.jp/120x196.png
1179,横山 千里,chisato_yokoyama@example.co.jp,KWI3zsZ0GG,1927年8月14日,https://placehold.jp/120x197.png
1180,林 順也,hayashi_929@example.net,ISYz0hCoup,1989年9月29日,https://placehold.jp/120x198.png
1181,小林 明博,kobayashiakihiro@example.com,Q8Fwaq8akx,2021年9月26日,https://placehold.jp/120x199.png
1182,仲間 朋哉,tomoya_nakama@example.jp,YEqrG6534B,2008年2月22日,https://placehold.jp/120x200.png
1183,小嶋 晋,susumu_kojima@example.org,Nim8qCXN3E,1970年11月14日,https://placehold.jp/120x201.png
1184,齊藤 博一,saitohirokazu@example.org,kTYpO7hnJ3,1959年7月15日,https://placehold.jp/120x202.png
1185,渡邉 正隆,masataka_watanabe@example.com,sN3BphIymz,1968年5月28日,https://placehold.jp/120x203.png
1186,林 光,hayashi_127@example.net,LQRYZNhnp7,1940年12月7日,https://placehold.jp/120x204.png
1187,鈴木 妙,tae_suzuki@example.jp,egiQp1FF2b,1963年5月11日,https://placehold.jp/120x205.png
1188,菅原 明広,akihiro_sugawara@example.net,p4Rw2lB3gI,1963年12月15日,https://placehold.jp/120x206.png
1189,川田 俊哉,toshiyakawata@example.jp,ujoXnX6KXx,1945年4月9日,https://placehold.jp/120x207.png
1190,山口 和宏,yamaguchi_kazuhiro@example.co.jp,p3N00Bn3u0,1956年7月7日,https://placehold.jp/120x208.png
1191,森田 えり子,morita26@example.com,as4UX7zo3i,1976年2月6日,https://placehold.jp/120x209.png
1192,小島 ゆかり,kojimayukari@example.net,vU5zS9jeKk,2006年10月30日,https://placehold.jp/120x210.png
1193,櫻井 礼子,reikosakurai@example.net,lmrnQNhGd9,2018年1月28日,https://placehold.jp/120x211.png
1194,渡辺 信,watanabeshin@example.com,Pny8MOnDhj,2019年9月14日,https://placehold.jp/120x212.png
1195,小川 勝代,ogawa54@example.jp,1cm2eMIPq3,1947年5月4日,https://placehold.jp/120x213.png
1196,福島 光一,fukushima125@example.org,1TT7dTPFJI,1931年12月5日,https://placehold.jp/120x214.png
1197,宮本 達也,miyamototatsuya@example.com,Q4pi0lVKIN,1931年11月28日,https://placehold.jp/120x215.png
1198,福田 政和,fukuda_masakazu@example.net,dvfNxbR4cF,2015年4月24日,https://placehold.jp/120x216.png
1199,永野 敦司,atsushi_nagano@example.co.jp,INL2PT6CIw,2013年1月1日,https://placehold.jp/120x217.png
1200,森本 亜貴子,morimoto217@example.co.jp,2k4ASm146J,2007年2月17日,https://placehold.jp/120x218.png
1201,佐藤 寿恵,sato72@example.com,6CS8KAtkIQ,2015年7月2日,https://placehold.jp/120x219.png
1202,早川 隆志,hayakawa_takashi@example.net,XYQmvw8bFt,1977年3月1日,https://placehold.jp/120x220.png
1203,夏山 恵美,natsuyama1128@example.co.jp,RtZlPDZ0Pb,1929年11月28日,https://placehold.jp/120x221.png
1204,城田 友絵,tomoe_shirota@example.net,4zgNHCysbW,1951年5月23日,https://placehold.jp/120x222.png
1205,白鳥 孝太,shiratori424@example.org,T0h7lTw5Ru,1999年4月24日,https://placehold.jp/120x223.png
1206,岩田 忍,shinobu_iwata@example.com,rpzJmkDD9D,1977年9月28日,https://placehold.jp/120x224.png
1207,篠原 潤一,junichishinohara@example.jp,K82QajSop3,1958年9月6日,https://placehold.jp/120x225.png
1208,堀越 英世,hideyo_horikoshi@example.net,QE5VYBwR7z,1978年3月9日,https://placehold.jp/120x226.png
1209,金子 卓司,kanekotakuji@example.co.jp,E8Nu01mtzG,1975年11月18日,https://placehold.jp/120x227.png
1210,舟木 佳代子,funakikayoko@example.com,VwInDxgn2A,2005年11月3日,https://placehold.jp/120x228.png
1211,越田 泉,koshidaizumi@example.co.jp,jA2AdvV08R,1943年3月8日,https://placehold.jp/120x229.png
1212,榎本 潤,jiyun_enomoto@example.jp,1YRTloeX0x,1945年4月14日,https://placehold.jp/120x230.png
1213,山本 和之,yamamotokazuyuki@example.com,HbBA6V6tT5,1930年2月1日,https://placehold.jp/120x231.png
1214,黒瀬 奈未,kurose_nami@example.jp,nGgeC0tbOJ,1943年2月2日,https://placehold.jp/120x232.png
1215,下薗 美妃,shimozono_106@example.com,oCFxNSDj9R,1997年10月6日,https://placehold.jp/120x233.png
1216,早坂 信明,nobuakihayasaka@example.jp,cgF8QRkkgf,2000年12月25日,https://placehold.jp/120x234.png
1217,高島 知之,takashima_415@example.jp,ROXOqhDs6a,2009年4月15日,https://placehold.jp/120x235.png
1218,吉田 賢治,yoshida_kenji@example.ne.jp,6Iv3yd8VvB,1986年6月11日,https://placehold.jp/120x236.png
1219,三浦 寛子,miura121@example.ne.jp,dXv73mK0RD,1970年1月21日,https://placehold.jp/120x237.png
1220,金井 美也子,miyako_kanai@example.ne.jp,7TfpxcRALX,2020年11月19日,https://placehold.jp/120x238.png
1221,加藤 理沙,kato_36@example.net,4xoV46EG6N,1938年3月6日,https://placehold.jp/120x239.png
1222,日下部 実希,miki_kusakabe@example.jp,CCF5pZhllu,2002年3月8日,https://placehold.jp/120x240.png
1223,川澄 将宏,kawasumi1020@example.co.jp,Fh8uIZwGuD,1969年10月20日,https://placehold.jp/120x241.png
1224,池田 竜也,ikeda711@example.ne.jp,Q5xxK4qMyr,1946年7月11日,https://placehold.jp/120x242.png
1225,渡邉 尚子,naoko_watanabe@example.ne.jp,AAoaHIWg7T,1962年7月28日,https://placehold.jp/120x243.png
1226,岩田 彩,iwata517@example.jp,G5OEzySEjO,2000年5月17日,https://placehold.jp/120x244.png
1227,宮崎 利久,miyazaki_57@example.co.jp,cm5DbCwALV,1936年5月7日,https://placehold.jp/120x245.png
1228,竹内 亮祐,takeuchi_ryousuke@example.com,mkIO4X7nSV,1995年7月27日,https://placehold.jp/120x246.png
1229,山田 顕子,akikoyamada@example.jp,lQ89NbEh1Z,1979年7月17日,https://placehold.jp/120x247.png
1230,柏原 みどり,kashiwabara214@example.jp,kFgfkzdg7R,1979年2月14日,https://placehold.jp/120x248.png
1231,杉本 梓,sugimoto_1116@example.com,wJHn404iKl,1927年11月16日,https://placehold.jp/120x249.png
1232,久松 毅,hisamatsu_takashi@example.co.jp,OMQj4KIyey,1926年8月19日,https://placehold.jp/120x250.png
1233,坂口 和生,sakaguchikazuo@example.net,20qm2aGcdH,1942年7月3日,https://placehold.jp/120x251.png
1234,増田 博紀,hirokimasuda@example.jp,ggaeUsJZpD1,1962年7月29日,https://placehold.jp/120x252.png
1235,廣井 実央,hiroi_mio@example.org,3wqiyPEFqv,1929年12月30日,https://placehold.jp/120x253.png
1236,島田 祐一,shimada_yuuichi@example.co.jp,KkCEsi2MOx,1939年2月16日,https://placehold.jp/120x254.png
1237,三宮 淳,jun_sannomiya@example.org,0dhnbIz4q5,1979年10月26日,https://placehold.jp/120x255.png
1238,染川 清,somekawa_kiyoshi@example.com,rSy4Ji0DgS,1992年5月9日,https://placehold.jp/120x256.png
1239,吉川 美由紀,yoshikawa_miyuki@example.co.jp,PfCAS6dkmn,2011年11月12日,https://placehold.jp/120x257.png
1240,伊地知 邦博,ijichi_kunihiro@example.jp,ttID2E2Dfn,1987年8月12日,https://placehold.jp/120x258.png
1241,田渕 隆之,tabuchi1223@example.org,GXF0qeLRD1,1995年12月23日,https://placehold.jp/120x259.png
1242,田中 隆一,ryuuichitanaka@example.ne.jp,iSv0iBRDc4,2004年10月31日,https://placehold.jp/120x260.png
1243,吉田 千香子,yoshida_224@example.ne.jp,2Lyb6aN78e,2010年2月24日,https://placehold.jp/120x261.png
1244,守屋 宏輔,moriya_817@example.org,z8YbVdJjBQ,1953年8月17日,https://placehold.jp/120x262.png
1245,佐藤 大介,satodaisuke@example.ne.jp,3UU73bRru1,1989年11月17日,https://placehold.jp/120x263.png
1246,清水 一郎,shimizuichirou@example.net,zE3PB6l1gk,1923年6月17日,https://placehold.jp/120x264.png
1247,柴田 貴洋,shibata_takahiro@example.com,QJB7Hg83Ua,2019年8月28日,https://placehold.jp/120x265.png
1248,佐藤 大輔,daisukesato@example.com,TV3bdpQmfc,1978年8月16日,https://placehold.jp/120x266.png
1249,服部 麻子,asako_hattori@example.ne.jp,k3pndvM2Bc,2005年12月1日,https://placehold.jp/120x267.png
1250,川邉 佳司,kawabekeiji@example.ne.jp,s5mDlWp3l6,1956年4月13日,https://placehold.jp/120x268.png
1251,下口 靖浩,shimoguchi417@example.net,hfasb41ITQ,1985年4月17日,https://placehold.jp/120x269.png
1252,吉岡 享子,yoshioka_1130@example.com,1LH9gMSpWg,1990年11月30日,https://placehold.jp/120x270.png
1253,神田 雅史,kanda413@example.ne.jp,rZwvfjosC3,1972年4月13日,https://placehold.jp/120x271.png
1254,松原 剛史,matsubara_takeshi@example.net,GwcA3iEIVk,1932年3月15日,https://placehold.jp/120x272.png
1255,菊池 直樹,kikuchinaoki@example.ne.jp,gExwp0JOHK,1975年6月21日,https://placehold.jp/120x273.png
1256,板橋 佐和子,itabashi818@example.org,bscmbGeu6v,1929年8月18日,https://placehold.jp/120x274.png
1257,鈴木 純一,junichisuzuki@example.com,bNGxktZw3I,1924年7月29日,https://placehold.jp/120x275.png
1258,白石 徹,shiraishi_731@example.org,uZOH5AHbGU,1922年7月31日,https://placehold.jp/120x276.png
1259,吉原 元,yoshihara_hajime@example.co.jp,elphTXZSR5,1926年6月3日,https://placehold.jp/120x277.png
1260,井手 孝子,ide_takako@example.ne.jp,nWuOztGJiI3,1958年5月31日,https://placehold.jp/120x278.png
1261,米田 由加里,yoneda1211@example.ne.jp,pZNPYX81M3,1944年12月11日,https://placehold.jp/120x279.png
1262,関 貴宏,takahiroseki@example.co.jp,QXQsWo5uMa,2007年12月23日,https://placehold.jp/120x280.png
1263,白石 哲,satoshishiraishi@example.ne.jp,MW1c86XOUC,1965年8月5日,https://placehold.jp/120x281.png
1264,長沢 晃,nagasawa_akira@example.jp,8kNs7FKVHL,1999年1月31日,https://placehold.jp/120x282.png
1265,川越 信夫,nobuokawagoe@example.net,AyfQ3ttaSL,1934年2月20日,https://placehold.jp/120x283.png
1266,大塚 みか,otsuka_416@example.com,66Qu6O8835,1933年4月16日,https://placehold.jp/120x284.png
1267,大坂 奈津美,natsumi_osaka@example.net,G3ILBqrE0J,1985年8月31日,https://placehold.jp/120x285.png
1268,中谷 孝,nakatani_1228@example.co.jp,Vuc9pERVYj,1998年12月28日,https://placehold.jp/120x286.png
1269,山崎 俊彦,yamazakitoshihiko@example.org,je8E9mynYf,1992年12月27日,https://placehold.jp/120x287.png
1270,稲葉 隆介,ryuusuke_inaba@example.com,ukjs510Uyv,1953年12月23日,https://placehold.jp/120x288.png
1271,奥田 美紀,miki_okuda@example.co.jp,8Q5K7WaTuP,1991年9月22日,https://placehold.jp/120x289.png
1272,福田 ゆたか,fukudayutaka@example.ne.jp,iHm6o5u0RJ,1931年4月23日,https://placehold.jp/120x290.png
1273,木村 憲一,kimura_kenichi@example.com,lQKqIgx0R2,1952年3月19日,https://placehold.jp/120x291.png
1274,神田 純子,kandajunko@example.co.jp,FD0QzpKVk7,1974年11月28日,https://placehold.jp/120x292.png
1275,大浦 康介,oura_yasuyuki@example.jp,W8j0rkBTBV,1943年11月19日,https://placehold.jp/120x293.png
1276,桂 浩太郎,katsura_730@example.com,DyboNjBk53,2010年7月30日,https://placehold.jp/120x294.png
1277,吉田 良一,yoshida_ryou@example.net,wYJbwpTPfN8,2009年12月22日,https://placehold.jp/120x295.png
1278,池田 彩,ayaikeda@example.net,cDw8IYmvdn,1982年12月12日,https://placehold.jp/120x296.png
1279,田村 玲奈,tamurarena@example.co.jp,pIu4c6DSif,2018年2月27日,https://placehold.jp/120x297.png
1280,鵜飼 智恵子,chiekoukai@example.jp,Um1Ze3AuRq,1968年7月9日,https://placehold.jp/120x298.png
1281,南 孝子,takako_minami@example.co.jp,YDqfhdB3mU,1975年11月18日,https://placehold.jp/120x299.png
1282,渡部 ゆう子,watanabeyuuko@example.ne.jp,KOYucLJQh8,1964年8月2日,https://placehold.jp/120x300.png
1283,小川 靖子,ogawayasuko@example.com,h6SRv8PujA,1944年9月10日,https://placehold.jp/120x301.png
1284,内田 淳,jun_uchida@example.net,ZJir22v9wW,1949年2月22日,https://placehold.jp/120x302.png
1285,井上 オサム,inoueosamu@example.co.jp,qVq2BMlaTt,2007年11月4日,https://placehold.jp/120x303.png
1286,駒井 海,kai_komai@example.net,3Oq7SU1HvY,1923年1月10日,https://placehold.jp/120x304.png
1287,小松 隆史,komatsu_421@example.org,vfWnQE7ePU,1934年4月21日,https://placehold.jp/120x305.png
1288,長谷川 純子,hasegawajunko@example.org,ECO5r3jTMZ,1928年1月29日,https://placehold.jp/120x306.png
1289,伊東 裕子,ito122@example.jp,JnvQpZu3R8,1983年12月2日,https://placehold.jp/120x307.png
1290,山田 雅之,masayuki_yamada@example.jp,qt1HZ6zbYX,1931年6月3日,https://placehold.jp/120x308.png
1291,伊藤 美紀,ito128@example.jp,Gz2HkyWl2H,1942年12月8日,https://placehold.jp/120x309.png
1292,寺下 千秋,terashitachiaki@example.co.jp,4XnfZebCJz,2019年10月11日,https://placehold.jp/120x310.png
1293,金谷 智子,kanayatomoko@example.ne.jp,0AoxWnlxbg,1923年2月20日,https://placehold.jp/120x311.png
1294,竹之内 依子,takenouchi324@example.jp,VFXg2iiL1N,1979年3月24日,https://placehold.jp/120x312.png
1295,植田 洋人,hirotoueda@example.co.jp,ByCmvMJD4q,1962年4月9日,https://placehold.jp/120x313.png
1296,高橋 茂樹,takahashishigeki@example.org,d5i6YAwvCP,2012年10月10日,https://placehold.jp/120x314.png
1297,堀 謙二,hori24@example.com,Fyky8dEVBK,1928年2月4日,https://placehold.jp/120x315.png
1298,今野 知子,tomokokonno@example.jp,XirCqGj9o9,2004年4月19日,https://placehold.jp/120x316.png
1299,矢野 奈美,yano_nami@example.ne.jp,Tz3rsSnLIj,2000年3月16日,https://placehold.jp/120x317.png
1300,黒沢 孝和,kurosawa_takakazu@example.co.jp,k7JsshDrO0,2005年11月21日,https://placehold.jp/120x318.png
1301,大石 佐和子,sawakooishi@example.org,uraucRh5hH,1965年3月27日,https://placehold.jp/120x319.png
1302,宇治 誠,makoto_uji@example.jp,SETwjzR1Ei,1940年8月15日,https://placehold.jp/120x320.png
1303,槇原 晃,akiramakihara@example.net,ZOFMco4QFb,1990年11月24日,https://placehold.jp/120x321.png
1304,丸目 恭兵,kyouheimarume@example.co.jp,wf4tYlpwjF,1955年6月27日,https://placehold.jp/120x322.png
1305,岡田 未来,okada_miki@example.org,rnwA8USdCy,1956年4月18日,https://placehold.jp/120x323.png
1306,山崎 英史,yamazakihidefumi@example.org,Hz2HHLTRBH,1962年6月10日,https://placehold.jp/120x324.png
1307,渡辺 美季,watanabemiki@example.net,sgVgo9hfVJ,1999年7月6日,https://placehold.jp/120x325.png
1308,山口 雅美,masamiyamaguchi@example.net,jt2jjv7DxB,1997年1月9日,https://placehold.jp/120x326.png
1309,沖 紀子,oki_noriko@example.ne.jp,BgsItTL02P,1972年10月6日,https://placehold.jp/120x327.png
1310,大倉 弘昌,okura_105@example.org,ZkKIIN1PM5,1997年10月5日,https://placehold.jp/120x328.png
1311,細谷 茂人,shigetohosoya@example.net,CAK6Xgvgbp,1972年9月16日,https://placehold.jp/120x329.png
1312,武本 あきこ,takemoto824@example.jp,oANDTxF2OI,1984年8月24日,https://placehold.jp/120x330.png
1313,平松 瞳,hiramatsuhitomi@example.jp,ZteLNJxO4T,1935年5月1日,https://placehold.jp/120x331.png
1314,伊藤 利彦,kazuhikoito@example.com,gUVVfS0ZLO,2019年3月28日,https://placehold.jp/120x332.png
1315,井野 沙織,ino_saori@example.com,pxAybP5GUc,1957年10月14日,https://placehold.jp/120x333.png
1316,小山 真理子,koyama_107@example.net,VXihlFD4Er,1995年10月7日,https://placehold.jp/120x334.png
1317,井上 純子,inoue414@example.com,0I8NMChTJ1,1958年4月14日,https://placehold.jp/120x335.png
1318,吉田 智弘,yoshida1219@example.org,LgimiL1jwR,1993年12月19日,https://placehold.jp/120x336.png
1319,佐々木 義久,sasaki_314@example.co.jp,RFZG0udajB,2023年3月14日,https://placehold.jp/120x337.png
1320,伊藤 敏幸,toshiyukiito@example.net,Sq9W9b8iLZ,1992年3月30日,https://placehold.jp/120x338.png
1321,田中 善洋,yoshihiro_tanaka@example.ne.jp,XiRWoIPJ59,2017年5月2日,https://placehold.jp/120x339.png
1322,樫原 翼,kashiharatsubasa@example.com,d8ioWaMAuT,2003年7月18日,https://placehold.jp/120x340.png
1323,中村 恵,megumi_nakamura@example.jp,er9o9BaYrI,1979年6月2日,https://placehold.jp/120x341.png
1324,森田 和子,morita925@example.net,fmND2r8fp6,1940年9月25日,https://placehold.jp/120x342.png
1325,竹内 みなみ,takeuchi_minami@example.ne.jp,z80bUQt0Ga,1978年9月26日,https://placehold.jp/120x343.png
1326,宇留野 絵美,uruno79@example.jp,S8PausY2kg,2020年7月9日,https://placehold.jp/120x344.png
1327,濱口 圭司,hamaguchi_keiji@example.net,NQ0RyxwBjV,2020年3月22日,https://placehold.jp/120x345.png
1328,大石 達郎,oishi_1028@example.co.jp,nL8eRcmmDI,1950年10月28日,https://placehold.jp/120x346.png
1329,緒方 浩之,hiroyukiogata@example.org,1AY8FwHgv2,1935年12月20日,https://placehold.jp/120x347.png
1330,稲田 将志,inada_211@example.com,kOXSae1hvG,1977年2月11日,https://placehold.jp/120x348.png
1331,佐藤 まや,mayasato@example.co.jp,b1Uj2Goz1c,1965年10月12日,https://placehold.jp/120x349.png
1332,佐藤 純也,satojunya@example.com,dVaWh8nP7c,1970年4月28日,https://placehold.jp/120x350.png
1333,近藤 陽子,kondouyouko@example.jp,QD0oVBqXmQ,1959年8月24日,https://placehold.jp/120x351.png
1334,窪田 梨沙,risa_kubota@example.co.jp,yUHE4ciBHZ,1955年10月9日,https://placehold.jp/120x352.png
1335,松本 久美,matsumoto930@example.co.jp,gyK2wCbELx,1959年9月30日,https://placehold.jp/120x353.png
1336,森 亜耶,mori325@example.com,GunDUm3YOe,1928年3月25日,https://placehold.jp/120x354.png
1337,西上 アキコ,akikonishigami@example.co.jp,Up3Qa0lLzA,1934年5月18日,https://placehold.jp/120x355.png
1338,額賀 智康,nukaga_622@example.jp,v24C5zkAOu,2018年6月22日,https://placehold.jp/120x356.png
1339,横山 亮,ryouyokoyama@example.ne.jp,TqiOCZluy3,1980年5月8日,https://placehold.jp/120x357.png
1340,石井 みどり,ishii_midori@example.ne.jp,nQqGpxI7DE,2014年6月2日,https://placehold.jp/120x358.png
1341,武田 允,takedamakoto@example.net,EqxY93kRa8,2003年7月7日,https://placehold.jp/120x359.png
1342,杉野 力,sugino_tsutomu@example.net,Zd51rutUqx,2004年1月26日,https://placehold.jp/120x360.png
1343,淺井 勝巳,asai_830@example.co.jp,sxCfiJm5tA,1951年8月30日,https://placehold.jp/120x361.png
1344,中沢 怜,nakazawa_rei@example.net,fbqgO3y5Xk,2001年3月31日,https://placehold.jp/120x362.png
1345,石川 喜美子,kimikoishikawa@example.net,lX4WrzrGHu,1961年10月16日,https://placehold.jp/120x363.png
1346,後藤 秀太,shuutagoto@example.jp,GSnV8seMpe,1994年5月9日,https://placehold.jp/120x364.png
1347,竹内 博,takeuchi331@example.net,KdBBB5bLH7,1936年3月31日,https://placehold.jp/120x365.png
1348,池田 小百合,ikeda_sayuri@example.ne.jp,xBd9kYYTdm,1989年4月6日,https://placehold.jp/120x366.png
1349,長瀬 舞,nagasemai@example.org,Z9kcTEEScy,1998年11月1日,https://placehold.jp/120x367.png
1350,川村 洋,kawamura29@example.net,fnk2NXdhF0,1942年2月9日,https://placehold.jp/120x368.png
1351,浜本 こうじ,hamamoto_koji@example.jp,ROUN9Ua0r7,2019年4月3日,https://placehold.jp/120x369.png
1352,篠原 雅章,shinohara721@example.org,47pnln3TrI,1959年7月21日,https://placehold.jp/120x370.png
1353,伊藤 太朗,tarou_ito@example.org,8RTtng3RXH,1938年12月3日,https://placehold.jp/120x371.png
1354,松本 文俊,matsumotofumitoshi@example.net,qoF4OOOkIW,2016年10月23日,https://placehold.jp/120x372.png
1355,関 美千代,seki_1130@example.com,dBY9ceKqai,1974年11月30日,https://placehold.jp/120x373.png
1356,仁科 太一,taichi_nishina@example.ne.jp,epLMrcR9Pc,2007年8月4日,https://placehold.jp/120x374.png
1357,岡本 孝夫,takaookamoto@example.com,Isz6ZsLjod,1981年8月27日,https://placehold.jp/120x375.png
1358,池尻 奈津子,natsukoikejiri@example.org,NnrW3MLM3U,1931年7月18日,https://placehold.jp/120x376.png
1359,榎本 渚,enomotonagisa@example.net,FYxP0UHloX,1950年5月17日,https://placehold.jp/120x377.png
1360,森近 賢太郎,morichika_kentarou@example.org,Ns5mQZ1Ep8,1968年3月28日,https://placehold.jp/120x378.png
1361,今井 裕大,imai_yuudai@example.com,o4UighIOfX,1955年5月8日,https://placehold.jp/120x379.png
1362,鈴木 文雄,suzuki320@example.net,N7NjgCnq2g,2006年3月20日,https://placehold.jp/120x380.png
1363,諏訪 央子,suwa_1013@example.org,AjdD98jnQR,1964年10月13日,https://placehold.jp/120x381.png
1364,稲葉 一成,inaba_1010@example.co.jp,ArohoiqX3E,1931年10月10日,https://placehold.jp/120x382.png
1365,日高 美香子,mikako_hidaka@example.com,ctHgXsZ0SF,2000年2月22日,https://placehold.jp/120x383.png
1366,橋本 貴大,hashimoto_927@example.com,jlDq2EvQl4,2019年9月27日,https://placehold.jp/120x384.png
1367,土佐 淑子,tosa_524@example.org,B0ElqZi165,1964年5月24日,https://placehold.jp/120x385.png
1368,斎藤 義洋,saitoyoshihiro@example.net,JcEvTWBMl8,1936年12月1日,https://placehold.jp/120x386.png
1369,三浦 早苗,sanae_miura@example.ne.jp,1shJH3WrYw,1949年10月27日,https://placehold.jp/120x387.png
1370,小林 さとこ,kobayashi213@example.net,lD5b0512xL,2003年2月13日,https://placehold.jp/120x388.png
1371,小泉 きよし,koizumikiyoshi@example.jp,sOSjLQGV3J,1982年2月13日,https://placehold.jp/120x389.png
1372,岡崎 輝一,okazaki121@example.jp,wI55b8b7MV,1927年1月21日,https://placehold.jp/120x390.png
1373,千葉 康孝,chiba_yasutaka@example.jp,uLQ7At85ti,1971年7月10日,https://placehold.jp/120x391.png
1374,山田 雅之,masayuki_yamada@example.co.jp,Djp2huw7M1,1970年3月22日,https://placehold.jp/120x392.png
1375,田名網 さゆり,tanaamisayuri@example.ne.jp,qn6RNvdhAV,1955年7月30日,https://placehold.jp/120x393.png
1376,佐藤 望,sato95@example.co.jp,SoBB71AcjK,2002年9月5日,https://placehold.jp/120x394.png
1377,上村 忍,uemura911@example.co.jp,qVwUyrv7Ff,1954年9月11日,https://placehold.jp/120x395.png
1378,柴田 達也,tatsuya_shibata@example.jp,RuRjRHQf0F,1994年11月13日,https://placehold.jp/120x396.png
1379,星野 さくら,hoshino_720@example.org,MZnEMrBS5C,1989年7月20日,https://placehold.jp/120x397.png
1380,林 広明,hayashi_512@example.net,IC6DTVSBOD,1943年5月12日,https://placehold.jp/120x398.png
1381,金沢 純,kanazawa_aya@example.co.jp,7KyyaKUfCX,1974年2月12日,https://placehold.jp/120x399.png
1382,田村 功,tamura330@example.jp,mmD8TuuWjq,1963年3月30日,https://placehold.jp/120x400.png
1383,大河原 稔,okawara_minoru@example.com,Dpgbax3YuL,1966年4月25日,https://placehold.jp/120x401.png
1384,岩井 一博,iwai_kazuhiro@example.co.jp,lAQagRY5wZ,1984年1月15日,https://placehold.jp/120x402.png
1385,三浦 紳吾,miura1222@example.org,iMn2QnljCH,1956年12月22日,https://placehold.jp/120x403.png
1386,稲川 みなみ,minamiinagawa@example.co.jp,HE9dHzZkDI,2021年8月18日,https://placehold.jp/120x404.png
1387,渡邉 義博,watanabe_39@example.co.jp,R2YYKvbmVU,1990年3月9日,https://placehold.jp/120x405.png
1388,新谷 豊,yutaka_shintani@example.org,2tTSOyw0cb,2017年8月1日,https://placehold.jp/120x406.png
1389,橋本 鮎子,hashimoto322@example.co.jp,TeVmh0JGsP,1959年3月22日,https://placehold.jp/120x407.png
1390,野口 隆史,takashinoguchi@example.net,Y2wrycgGDS,1953年4月21日,https://placehold.jp/120x408.png
1391,林 純,hayashi_aya@example.ne.jp,DSXMbCPQ7X,1980年9月5日,https://placehold.jp/120x409.png
1392,高杉 環,takasugi_tamaki@example.co.jp,r32orrm6GQ,1967年5月5日,https://placehold.jp/120x410.png
1393,大武 菜月,otake_natsuki@example.co.jp,93TIqgtcjk,1965年1月2日,https://placehold.jp/120x411.png
1394,村井 孝彰,murai_takaaki@example.com,e96kTbCjKg,1928年3月7日,https://placehold.jp/120x412.png
1395,井原 健也,kenya_ihara@example.ne.jp,DotivL2ZjI,1973年9月28日,https://placehold.jp/120x413.png
1396,石山 洋一,ishiyamayouichi@example.ne.jp,W3asvnzVEu,1978年6月17日,https://placehold.jp/120x414.png
1397,山本 淳,yamamotojun@example.jp,x890Scjogi,1928年11月30日,https://placehold.jp/120x415.png
1398,遠藤 祐樹,yuuki_endou@example.net,YO7Rp3JaXR,1961年3月27日,https://placehold.jp/120x416.png
1399,内山 佐代子,uchiyamasayoko@example.jp,QwPqbhVIg6,1936年9月10日,https://placehold.jp/120x417.png
1400,吉村 晃佑,kosukeyoshimura@example.co.jp,LsIL9AsJag,1939年5月22日,https://placehold.jp/120x418.png
1401,中島 樹,nakajima_324@example.jp,1o8Kb9UIgj,1952年3月24日,https://placehold.jp/120x419.png
1402,市川 誠一郎,seiichirou_ichikawa@example.jp,uhdOJaLXF3,1991年7月26日,https://placehold.jp/120x420.png
1403,村越 達也,tatsuya_murakoshi@example.jp,mj7RLBqmvx,1989年7月20日,https://placehold.jp/120x421.png
1404,遠藤 将和,endou_612@example.org,V0gLqUT1Mo,2023年6月12日,https://placehold.jp/120x422.png
1405,青木 加織,kaoriaoki@example.org,FXic4xhepS,2004年8月25日,https://placehold.jp/120x423.png
1406,鈴木 麻衣子,suzuki118@example.jp,6U9boNbVMT,1994年1月18日,https://placehold.jp/120x424.png
1407,玉野 圭太,tamano_615@example.co.jp,wctNMbLc1m,1942年6月15日,https://placehold.jp/120x425.png
1408,米田 佳彦,yoneda1120@example.org,r87Kjm579W,1969年11月20日,https://placehold.jp/120x426.png
1409,林 健二,hayashikenji@example.co.jp,bgUU5K2GcN,1956年3月5日,https://placehold.jp/120x427.png
1410,高梨 香織,kaoritakanashi@example.net,CcGZy8LSSc,1979年8月14日,https://placehold.jp/120x428.png
1411,堀井 直子,naoko_horii@example.co.jp,T8XCHbL62M,1954年4月24日,https://placehold.jp/120x429.png
1412,三浦 伸一,miurashinichi@example.jp,2TnHTVGB3r,1990年2月1日,https://placehold.jp/120x430.png
1413,大垣 政憲,ogaki_masanori@example.co.jp,ZC1bliqvIx,2000年6月9日,https://placehold.jp/120x431.png
1414,土屋 正道,tsuchiya_1020@example.co.jp,Fp3GZxgIlk,1997年10月20日,https://placehold.jp/120x432.png
1415,竹内 由佳,yukatakeuchi@example.jp,M1mCy96UES,2020年3月13日,https://placehold.jp/120x433.png
1416,村上 和重,kazushige_murakami@example.co.jp,SUYe2LI0JJ,1957年1月10日,https://placehold.jp/120x434.png
1417,森元 正道,morimoto_masamichi@example.com,JuAH7EjrtE,1957年7月2日,https://placehold.jp/120x435.png
1418,山本 智史,yamamoto429@example.ne.jp,nVB9cOXyJx,1962年4月29日,https://placehold.jp/120x436.png
1419,花上 周平,hanaueshuuhei@example.jp,4QtLLYgutd,2000年10月10日,https://placehold.jp/120x437.png
1420,楠 澄夫,kusunoki_sumio@example.com,X2aXgiEHNM,1969年3月14日,https://placehold.jp/120x438.png
1421,伊藤 英樹,hideki_ito@example.org,dLOcQCf7xR,2021年7月27日,https://placehold.jp/120x439.png
1422,寺嶋 祐司,yuujiterashima@example.net,Cqhr0ZNlda,1970年10月25日,https://placehold.jp/120x440.png
1423,高安 由美子,yumikotakayasu@example.jp,8Ey2SillWZ,1948年7月19日,https://placehold.jp/120x441.png
1424,大迫 善一,osako_1020@example.ne.jp,QvU2vZf7Vc,2015年10月20日,https://placehold.jp/120x442.png
1425,佐藤 真弓,sato_1222@example.jp,XDt98prLd5,1999年12月22日,https://placehold.jp/120x443.png
1426,清川 正和,kiyokawa128@example.net,RLl1f6J4rc,1959年1月28日,https://placehold.jp/120x444.png
1427,井上 京子,inouekyouko@example.co.jp,WdkG9jbGKM,1944年10月30日,https://placehold.jp/120x445.png
1428,永井 宏一,nagai14@example.jp,jpw4HIO1tL,1936年1月4日,https://placehold.jp/120x446.png
1429,狭間 信彦,hazamanobuhiko@example.ne.jp,etND0luDIs,1930年9月27日,https://placehold.jp/120x447.png
1430,堀 侑香,hori1011@example.org,O7U4tzRPW9,2006年10月11日,https://placehold.jp/120x448.png
1431,田中 翔,shou_tanaka@example.co.jp,qFVFC58dlL,1946年12月30日,https://placehold.jp/120x449.png
1432,福田 望,fukuda_518@example.jp,UGzSR1E1tp,1930年5月18日,https://placehold.jp/120x450.png
1433,福中 翔太,fukunaka_130@example.jp,sKAfAqOa9c,2007年1月30日,https://placehold.jp/120x451.png
1434,野村 ゆか,nomura_yuka@example.com,hcPDV8HNRJ,1939年6月27日,https://placehold.jp/120x452.png
1435,市丸 正章,masaaki_ichimaru@example.org,qsWp5bv37A,1947年6月29日,https://placehold.jp/120x453.png
1436,藤井 かおり,fujii115@example.org,ihxZM4Y12I,1957年1月15日,https://placehold.jp/120x454.png
1437,矢口 新,shin_yaguchi@example.ne.jp,Vq5lHaoY6Z,1926年11月14日,https://placehold.jp/120x455.png
1438,黒岩 和也,kazuya_kuroiwa@example.org,LSzz9hSNZu,1923年8月27日,https://placehold.jp/120x456.png
1439,景山 直子,kageyama_111@example.org,ELllaa6nts,1945年11月1日,https://placehold.jp/120x457.png
1440,土居 優二,doiyuuji@example.com,uhPXzgjbH7,1961年8月20日,https://placehold.jp/120x458.png
1441,松田 佑香,matsuda_813@example.com,7FucbYLKv5,1946年8月13日,https://placehold.jp/120x459.png
1442,山本 美喜,yamamotomiki@example.ne.jp,sYX9DNOiAx,1925年1月9日,https://placehold.jp/120x460.png
1443,伊部 雄司,yuujiibe@example.net,TAWndUE8E6,1976年5月28日,https://placehold.jp/120x461.png
1444,込山 宏樹,hirokikomiyama@example.org,bgKUGOiwP9,1991年2月10日,https://placehold.jp/120x462.png
1445,松永 ひろこ,matsunaga_626@example.net,xhZ6EMBTga,2016年6月26日,https://placehold.jp/120x463.png
1446,小林 美香,kobayashimika@example.net,cPg21qZ7lK,2003年10月15日,https://placehold.jp/120x464.png
1447,嶋村 祐樹,shimamurayuuki@example.org,QaYHx3dUHY,1963年10月9日,https://placehold.jp/120x465.png
1448,多田 佳祐,keisuketada@example.ne.jp,O9Mdd8bXQ6,1986年5月25日,https://placehold.jp/120x466.png
1449,横田 あゆみ,yokotaayumi@example.co.jp,5PcpITIm5v,1998年10月8日,https://placehold.jp/120x467.png
1450,藤原 聡,fujiwara_akira@example.co.jp,j62N7zDzIy,1956年2月11日,https://placehold.jp/120x468.png
1451,植田 佳子,yoshikoueda@example.ne.jp,wJ4POnzEoY,1991年8月25日,https://placehold.jp/120x469.png
1452,中原 祐樹,nakahara_yuuki@example.co.jp,2q8dpz0kKV,1995年7月16日,https://placehold.jp/120x470.png
1453,澤田 典久,sawada_726@example.jp,W64ojbbcBT,1933年7月26日,https://placehold.jp/120x471.png
1454,相川 裕紀子,aikawa_yukiko@example.jp,9YCsSf7WTV,1953年2月4日,https://placehold.jp/120x472.png
1455,北島 晶子,shoukokitajima@example.com,kSZIa3PM2m,1945年2月6日,https://placehold.jp/120x473.png
1456,板垣 幸子,itagakisachiko@example.ne.jp,CrUS5pJBwd,1960年4月18日,https://placehold.jp/120x474.png
1457,大塚 忠,otsuka_321@example.net,SsHvja2BCn,1943年3月21日,https://placehold.jp/120x475.png
1458,中川 和也,kazuyanakagawa@example.jp,QudaV5yFfd,2012年1月8日,https://placehold.jp/120x476.png
1459,中尾 尚美,nakaonaomi@example.ne.jp,pG2zc1Tomm,1956年2月6日,https://placehold.jp/120x477.png
1460,塩澤 拓実,shiozawa34@example.co.jp,9yT6DtCBm0,2003年3月4日,https://placehold.jp/120x478.png
1461,神尾 宏,hiroshikamio@example.co.jp,EJcynQfPz2,2007年7月16日,https://placehold.jp/120x479.png
1462,坪川 太郎,taroutsubokawa@example.org,xiL0IDzEqS,1972年2月15日,https://placehold.jp/120x480.png
1463,中田 敏子,nakata428@example.org,BmXJ9VTEOy,1962年4月28日,https://placehold.jp/120x481.png
1464,林 学,manabu_hayashi@example.com,wWOiswR0I7,1926年5月31日,https://placehold.jp/120x482.png
1465,林 隆史,takashihayashi@example.org,iY3UtnbVYQ,1972年5月22日,https://placehold.jp/120x483.png
1466,牧野 浩輔,makino115@example.org,VYf58oKSrE,1997年11月5日,https://placehold.jp/120x484.png
1467,鈴木 泰代,yasuyo_suzuki@example.ne.jp,8xmSiPXyVg,1944年3月27日,https://placehold.jp/120x485.png
1468,占部 加代,urabe_kayo@example.jp,awZ1J9VWmm,2015年6月15日,https://placehold.jp/120x486.png
1469,松 淳,jun_matsu@example.org,Cmn3zevLuT,1943年5月1日,https://placehold.jp/120x487.png
1470,山崎 信治,yamazakishinji@example.net,pWjYf9LTTx,2017年11月4日,https://placehold.jp/120x488.png
1471,田中 綾美,ayami_tanaka@example.com,9eIR0lDYTz,1996年3月21日,https://placehold.jp/120x489.png
1472,涌井 克己,wakuikatsumi@example.org,ptKv5YPLMx,1980年3月13日,https://placehold.jp/120x490.png
1473,牧野 義久,makino_yoshihisa@example.jp,MABp3a8MVP,2006年4月1日,https://placehold.jp/120x491.png
1474,山本 邦子,yamamoto_kuniko@example.net,AJOAWnOjx6,1958年4月3日,https://placehold.jp/120x492.png
1475,吉村 恭平,yoshimura_kyouhei@example.co.jp,Z2Cj56CrVi,1931年8月9日,https://placehold.jp/120x493.png
1476,秋岡 正己,akioka_112@example.org,IiW4qdm8Yt,1968年1月12日,https://placehold.jp/120x494.png
1477,中村 かほり,nakamurakahori@example.co.jp,wuHPZE81Zk,1946年4月28日,https://placehold.jp/120x495.png
1478,森田 智基,tomonorimorita@example.jp,3af8dWxC8c,1968年1月7日,https://placehold.jp/120x496.png
1479,白川 舞,shirakawamai@example.com,yn3xjW9pac,1947年4月16日,https://placehold.jp/120x497.png
1480,井上 桂,inoue_kei@example.net,LKYqT4GqkK,2002年1月4日,https://placehold.jp/120x498.png
1481,原 奈央,naohara@example.co.jp,qVcS8YxbCD,2010年3月20日,https://placehold.jp/120x499.png
1482,島田 弘,shimada818@example.jp,NVKNVkz95e,1941年8月18日,https://placehold.jp/120x500.png
1483,松本 明男,matsumotoakio@example.jp,Yr5AnnmRUi,2012年10月30日,https://placehold.jp/120x501.png
1484,平田 恵美,hirata623@example.co.jp,YBmI8fa0hV,1943年6月23日,https://placehold.jp/120x502.png
1485,鈴木 桃子,suzukimomoko@example.ne.jp,9rTysiqgBo,1977年6月28日,https://placehold.jp/120x503.png
1486,浜口 勝彦,hamaguchi_katsuhiko@example.org,UlvcP6z51Y,1984年7月15日,https://placehold.jp/120x504.png
1487,佐藤 千早,chihayasato@example.ne.jp,lQSUDgpBr5,2007年1月25日,https://placehold.jp/120x505.png
1488,笠木 敬行,kasagi1022@example.com,klwBGpHAT3,1923年10月22日,https://placehold.jp/120x506.png
1489,伊藤 綾子,ayakoito@example.jp,W4hirzpdlz,1963年3月20日,https://placehold.jp/120x507.png
1490,若林 達也,wakabayashi_tatsuya@example.org,PCztTVNr3z,1948年5月25日,https://placehold.jp/120x508.png
1491,宗形 一馬,munakata_kazuma@example.ne.jp,JTfcGkTwD4,1931年3月4日,https://placehold.jp/120x509.png
1492,内藤 葉子,naito_youko@example.com,nfpZ2vqooH,1966年11月7日,https://placehold.jp/120x510.png
1493,国井 孝太,kuniikota@example.com,Ig5wusQ7fl,1944年10月28日,https://placehold.jp/120x511.png
1494,棚橋 孝史,tanahashitakafumi@example.ne.jp,CA5lhOMWEn,1980年4月7日,https://placehold.jp/120x512.png
1495,池田 彰,akiraikeda@example.org,bBQ2kq5mHw,1971年8月4日,https://placehold.jp/120x513.png
1496,藤原 康之,fujiwara_61@example.jp,B6yG3lVfP3,2009年6月1日,https://placehold.jp/120x514.png
1497,高久 茂紀,takakushigenori@example.net,jxAHTd0lLD,1971年6月18日,https://placehold.jp/120x515.png
1498,笹本 祐,sasamoto_yuu@example.co.jp,4nAuv0W8i7,1938年11月30日,https://placehold.jp/120x516.png
1499,先山 有紀子,yukikosakiyama@example.net,mU3tKstLTL,1924年1月12日,https://placehold.jp/120x517.png
1500,吉田 朋子,tomokoyoshida@example.com,XtHzvYX26E,1961年6月8日,https://placehold.jp/120x518.png
1501,金井 竜太,kanai_91@example.ne.jp,4tiJzpmfIf,1931年9月1日,https://placehold.jp/120x519.png
1502,星 潤一,junichi_hoshi@example.ne.jp,rKIcwOqAG2,1985年11月13日,https://placehold.jp/120x520.png
1503,山口 貴史,yamaguchi_919@example.net,jIzarYTwX5,1997年9月19日,https://placehold.jp/120x521.png
1504,大町 亮,omachi_ryou@example.org,D1O6nlRN04,2006年9月21日,https://placehold.jp/120x522.png
1505,寺澤 健一郎,terasawa731@example.ne.jp,DNn021YUQi,1971年7月31日,https://placehold.jp/120x523.png
1506,境 吉昭,sakai_yoshiaki@example.org,sTcQUWTcM4,1979年12月12日,https://placehold.jp/120x524.png
1507,西垣 翼,nishigaki88@example.com,jjd5U3PKNR,1987年8月8日,https://placehold.jp/120x525.png
1508,渡辺 隆幸,takayukiwatanabe@example.ne.jp,g8r9c6Fj2D,1984年3月22日,https://placehold.jp/120x526.png
1509,鈴木 いづみ,izumisuzuki@example.jp,n3cMt2zly8,1969年6月2日,https://placehold.jp/120x527.png
1510,市瀬 祐子,yuukoichinose@example.com,BFqQoxU7Sd,1964年8月7日,https://placehold.jp/120x528.png
1511,島田 聡美,shimada_satomi@example.co.jp,YqLihPqUgr1,1925年11月11日,https://placehold.jp/120x529.png
1512,松本 裕子,matsumotoyuuko@example.net,vFuPu5kf3Q,1998年12月2日,https://placehold.jp/120x530.png
1513,小宮 絵理,erikomiya@example.co.jp,hdAaCHUF60,2013年11月3日,https://placehold.jp/120x531.png
1514,西岡 裕亮,yuusukenishioka@example.jp,OPpzG1ZFIu,1939年7月7日,https://placehold.jp/120x532.png
1515,多根 寛,tanehiroshi@example.jp,AP9NXoZErk,1952年8月6日,https://placehold.jp/120x533.png
1516,尾崎 哲士,ozaki_tetsushi@example.net,sXgo2jpLaf,1968年9月8日,https://placehold.jp/120x534.png
1517,井上 理英子,riekoinoue@example.ne.jp,9j8u6cSAMA,1936年6月28日,https://placehold.jp/120x535.png
1518,小林 麻衣,kobayashi_128@example.com,ezJ3zg69QO,1951年1月28日,https://placehold.jp/120x536.png
1519,村田 優佳,murata_yuka@example.jp,3mh4yV9ni0,2003年1月29日,https://placehold.jp/120x537.png
1520,安野 都,miyako_yasuno@example.com,Lcirs8FBVg,1970年6月5日,https://placehold.jp/120x538.png
1521,石橋 裕一,yuuichi_ishibashi@example.co.jp,n27RPxgpB9,2000年8月24日,https://placehold.jp/120x539.png
1522,坂本 育美,sakamoto1018@example.ne.jp,7kTyrZYUkE,1977年10月18日,https://placehold.jp/120x540.png
1523,青木 正弘,masahiro_aoki@example.com,IbmXzy54Wh,2008年12月22日,https://placehold.jp/120x541.png
1524,高田 智哉,takada_tomoya@example.jp,dIUaMn6Unr,1983年7月31日,https://placehold.jp/120x542.png
1525,菊地 誠,kikuchi122@example.jp,tMcQdDr7oZ,2007年12月2日,https://placehold.jp/120x543.png
1526,岩村 のり,iwamura_nori@example.org,sNeqP5KOhn,1996年2月23日,https://placehold.jp/120x544.png
1527,岸 樹,kishi_61@example.net,F55NgTujxe,2002年6月1日,https://placehold.jp/120x545.png
1528,水野 裕,mizunohiroshi@example.com,8fvF1Lkn4S,1991年9月8日,https://placehold.jp/120x546.png
1529,藤森 友紀子,fujimoriyukiko@example.net,wVdRIBYYs0,2022年6月12日,https://placehold.jp/120x547.png
1530,鈴木 大介,suzukidaisuke@example.com,Irj9eqtkyW,1998年2月1日,https://placehold.jp/120x548.png
1531,田中 裕子,yuukotanaka@example.net,EHxggC5VqZ,1990年11月11日,https://placehold.jp/120x549.png
1532,石川 ひろ子,hiroko_ishikawa@example.com,XniMmW3XSV,1982年3月2日,https://placehold.jp/120x550.png
1533,本間 利之,homma413@example.jp,JiQizGysd7,1950年4月13日,https://placehold.jp/120x551.png
1534,野本 玲子,nomotoreiko@example.net,NxoC0KTZct,1977年7月29日,https://placehold.jp/120x552.png
1535,黒川 仁人,kurokawayoshito@example.ne.jp,GOn9XBCVqG,1972年6月24日,https://placehold.jp/120x553.png
1536,松井 彰子,akiko_matsui@example.net,8KzxHd3rWl,2004年10月1日,https://placehold.jp/120x554.png
1537,重光 有紀,shigemitsuyuki@example.net,TO27ULpXoW,1982年11月12日,https://placehold.jp/120x555.png
1538,小野 健介,kensukeono@example.com,qbcOmDs0mt,2005年11月23日,https://placehold.jp/120x556.png
1539,北澤 俊文,kitazawa_toshifumi@example.com,d1dPP4epF8,1944年6月28日,https://placehold.jp/120x557.png
1540,林 晶子,hayashi_1021@example.net,RkPvsjrmsX8,1922年10月21日,https://placehold.jp/120x558.png
1541,黒子 昌英,kuroko_masahide@example.jp,X45eU3a2DJ,1965年4月1日,https://placehold.jp/120x559.png
1542,増田 リエ,masuda_816@example.com,Pb6NEFBnXP,1962年8月16日,https://placehold.jp/120x560.png
1543,新藤 恵子,keikoshindou@example.com,lvMy7oFWdK,2022年12月17日,https://placehold.jp/120x561.png
1544,立川 和子,kazuko_tachikawa@example.net,aT4jlOAVpb,1959年5月15日,https://placehold.jp/120x562.png
1545,八田 和明,hattakazuaki@example.jp,jH5wzxQSku,1983年6月23日,https://placehold.jp/120x563.png
1546,小川 真,ogawa531@example.com,rXPVqE2zwW,1981年5月31日,https://placehold.jp/120x564.png
1547,斎藤 仁,saito1213@example.org,qciIn6D7Pq,1961年12月13日,https://placehold.jp/120x565.png
1548,長谷川 亮子,ryoukohasegawa@example.org,QbC46kAX9W,1951年1月1日,https://placehold.jp/120x566.png
1549,長嶋 大輔,nagashima_77@example.net,FBFGMCFvh2,2005年7月7日,https://placehold.jp/120x567.png
1550,奈須 厚,nasu_atsushi@example.co.jp,YkFOsuzg4L,1960年6月5日,https://placehold.jp/120x568.png
1551,大塚 新吾,shingootsuka@example.jp,E3uhkL6YTa,1948年1月29日,https://placehold.jp/120x569.png
1552,有村 友紀,tomoki_arimura@example.net,MWXfm1NOWP,1974年10月21日,https://placehold.jp/120x570.png
1553,佐藤 正一,sato_95@example.ne.jp,1ilPlh997x,1974年9月5日,https://placehold.jp/120x571.png
1554,岩井 学,manabu_iwai@example.ne.jp,M6FmUCC0n6,2016年9月22日,https://placehold.jp/120x572.png
1555,吉田 美穂子,yoshida_94@example.net,t098czmf5n,2014年9月4日,https://placehold.jp/120x573.png
1556,中川 俊幸,toshiyukinakagawa@example.co.jp,3goBYWgqcM,2002年12月27日,https://placehold.jp/120x574.png
1557,佐藤 佳祐,sato_keisuke@example.net,tJ6mOs5Dzr,2009年8月9日,https://placehold.jp/120x575.png
1558,澁澤 萌,moeshibusawa@example.ne.jp,Iu4NVqMnlu,1935年11月29日,https://placehold.jp/120x576.png
1559,小早川 充,kobayakawa_mitsuru@example.com,ppL4dzz5jn,1961年5月31日,https://placehold.jp/120x577.png
1560,近藤 さくら,kondou128@example.org,VDdIcMhYi8,1946年12月8日,https://placehold.jp/120x578.png
1561,白鳥 義正,shiratori_526@example.com,zkMW3SVDD9,1992年5月26日,https://placehold.jp/120x579.png
1562,後藤 明子,gotoakiko@example.com,1xmIMdEhMO,2010年7月6日,https://placehold.jp/120x580.png
1563,金澤 亜沙美,kanazawa_123@example.co.jp,lIJoLYDWX6,1972年12月3日,https://placehold.jp/120x581.png
1564,黒田 雅弘,kuroda1130@example.net,ijjRjvQtG1,2016年11月30日,https://placehold.jp/120x582.png
1565,濱田 良一,hamada_ryou@example.com,URJCfzbZ5m,2003年12月13日,https://placehold.jp/120x583.png
1566,小島 博子,kojima_hiroko@example.org,WDPg8yi2x2,1970年2月28日,https://placehold.jp/120x584.png
1567,中村 知子,tomoko_nakamura@example.org,2RcnWApzSP,1944年9月29日,https://placehold.jp/120x585.png
1568,船木 真紀,funaki514@example.org,IAQmbCB6zm,2004年5月14日,https://placehold.jp/120x586.png
1569,赤穂 敏哉,ako213@example.org,EbMQzZ916L,1926年2月13日,https://placehold.jp/120x587.png
1570,森 宏樹,mori_218@example.jp,4mH2nBKkLv,2021年2月18日,https://placehold.jp/120x588.png
1571,高橋 明,akira_takahashi@example.org,8sZls6jAxC,2021年5月29日,https://placehold.jp/120x589.png
1572,藤澤 美和子,fujisawa_427@example.com,fz2rT5QTa9,1923年4月27日,https://placehold.jp/120x590.png
1573,望月 博美,hiromi_mochizuki@example.jp,PAABBmO54r,1924年1月9日,https://placehold.jp/120x591.png
1574,中村 琢也,nakamuratakuya@example.co.jp,zqs2VtEG9H,1986年5月16日,https://placehold.jp/120x592.png
1575,城所 健,kidokoroken@example.jp,3IMChjCpmj,1931年11月27日,https://placehold.jp/120x593.png
1576,高宮 賢一,takamiya_72@example.com,MIMrAa4lvT,1934年7月2日,https://placehold.jp/120x594.png
1577,井上 文,inoue_fumi@example.net,2gCQ2OSA7L,1968年8月8日,https://placehold.jp/120x595.png
1578,井上 一夫,inoue_98@example.co.jp,DTtd0rXFwO,1997年9月8日,https://placehold.jp/120x596.png
1579,疋田 法子,hikita427@example.co.jp,gQfvLnMlt0,1929年4月27日,https://placehold.jp/120x597.png
1580,原 裕司,yuuji_hara@example.com,28RtlwsTA4,1950年3月8日,https://placehold.jp/120x598.png
1581,吉田 陽子,youkoyoshida@example.org,wxPoPK6Srx,1989年7月25日,https://placehold.jp/120x599.png
1582,宮崎 鉄,miyazaki_1231@example.org,ou9J1m3J8g,1950年12月31日,https://placehold.jp/120x600.png
1583,古澤 裕士,furusawa916@example.jp,ap7oqAlj0i,1962年9月16日,https://placehold.jp/120x601.png
1584,上野 徳夫,ueno_816@example.net,MYf3q7fKHU,1994年8月16日,https://placehold.jp/120x602.png
1585,尾形 正明,ogata929@example.ne.jp,yTdLXK7XGm,1926年9月29日,https://placehold.jp/120x603.png
1586,前田 亮平,maeda_59@example.ne.jp,US68WBWcDX,1962年5月9日,https://placehold.jp/120x604.png
1587,大川 瞳,hitomiokawa@example.net,QPnVfsfmlG0,1980年1月21日,https://placehold.jp/120x605.png
1588,齋藤 博史,hirofumi_saito@example.org,KXVzvszz6h,2004年1月23日,https://placehold.jp/120x606.png
1589,大竹 秀弥,otake_hideya@example.co.jp,Fsb0AgYGOf,2012年9月8日,https://placehold.jp/120x607.png
1590,岩丸 茂樹,iwamaru_shigeki@example.org,Lgksp8mDhZ,1932年4月1日,https://placehold.jp/120x608.png
1591,山本 英之,yamamotohideyuki@example.org,YgzO0Npdpp,1933年7月17日,https://placehold.jp/120x609.png
1592,角井 修一,kakui68@example.co.jp,qBYJ12Jgti,1947年6月8日,https://placehold.jp/120x610.png
1593,長谷川 隆彦,hasegawatakahiko@example.net,hnB0rhv0dQ,1944年7月14日,https://placehold.jp/120x611.png
1594,井上 賢太郎,inoue430@example.net,uZY3AtzIUU,1949年4月30日,https://placehold.jp/120x612.png
1595,大庭 美樹,mikioba@example.org,0XMljUq8n1,1970年2月5日,https://placehold.jp/120x613.png
1596,金山 敏之,kanayama_328@example.jp,VCD4K2DXjr,1926年3月28日,https://placehold.jp/120x614.png
1597,萱場 未奈,kayaba_73@example.ne.jp,ttGdv6drAp,1955年7月3日,https://placehold.jp/120x615.png
1598,高橋 高史,takahashi_126@example.jp,Sf7Z8WAw5F,1977年1月26日,https://placehold.jp/120x616.png
1599,木下 英子,kinoshitahideko@example.com,EDAoYzj1Vo,2004年3月23日,https://placehold.jp/120x617.png
1600,佐藤 博,sato_117@example.org,egWIMhYO4H,1941年11月7日,https://placehold.jp/120x618.png
